Id;Vorname;Geschlecht
1; Christel;w
2; Georg;m
3; Anna;w
4; Eduard;m
5; Elisabeth;w
6; Emilie;w
7; Paul;m
8; Walter;m
9; Heinrich;m
10; Herta;w
11; Max;m
12; Paul;m
13; Wilhelm;m
14; Grete;w
15; Eberhard;m
16; Ursula;w
17; Erna;w
18; Ilse verh. Moog;w
19; Johannes;m
20; Ernst;m
21; Otto;m
22; Gustav;m
23; Christel;w
24; Albert;m
25; Wilhelm;m
26; Gerd;m
27; Carl;m
28; Hans;m
29; Hans;m
30; Erich;m
31; Katharina (Käthe);w
32; Ludwig;m
33; Werner;m
34; Walter;m
35; Alma;w
36; Kurt Friedrich;m
37; Kurt;m
38; Hans;m
39; Johannes;m
40; Robert;m
41; Klaus;m
42; Johannes;m
43; Lotte;w
44; Wilhelm;m
45; Eduard;m
46; Hildegard;w
47; Gerhard;m
48; August;m
49; Erich;m
50; Benno;m
51; Josef Peter. Dr.;m
52; Lothar;m
53; Wilhelm;m
54; Auguste;w
55; Wilhelm;m
56; Theo;m
57; Armin;m
58; Cläre;w
59; Maria;w
60; Friedericke;w
61; Adolf;m
62; Max;m
63; Hans;m
64; Paula;w
65; Willi;m
66; Franz;m
67; Josef;m
68; Hermann;m
69; Wilhelm;m
70; Ruth;w
71; Johannes;m
72; Hans;m
73; Werner;m
74; Willy;m
75; Ingemarie;w
76; Heinrich;m
77; Robert;m
78; Brigitte;w
79; Bruno;m
80; Erwin;m
81; Hugo;m
82; Wilhelm;m
83; Gerda;w
84; Wilhelm;m
85; Oskar;m
86; Karl;m
87; Gerda;w
88; Anton;m
89; Henrik;m
90; Martin;m
91; Heinrich;m
92; Antonie;w
93; Gisela;w
94; Gundula;w
95; Carl Peter;m
96; Karl;m
97; Max;m
98; Rudolf;m
99; Julius;m
100; Helmut;m
101; Gretl;w
102; Franz Freiherr Karg von;m
103; Karl-Ewald;m
104; Albrecht;m
105; Friedrich Alfred;m
106; Oskar;m
107; Alexander von der;m
108; Bernhard von der;m
109; Albert;m
110; Anneliese;w
111; Franz;m
112; Gustav;m
113; Jürgen;m
114; Martin;m
115; Siegfried;m
116; Hilde;w
117; Margarete;w
118; Herbert;m
119; Margot;w
120; Josef;m
121; Heinrich von;m
122; Leopold;m
123; Burkard;m
124; Gustav;m
125; Walter;m
126; Walter;m
127; Helmut;m
128; Ernst Günther;m
129; Adolf;m
130; Arthur;m
131; Anna Luise;w
132; Ingrid;w
133; Gustav;m
134; Werner;m
135; Werner;m
136; Arthur;m
137; Bertha;w
138; Erich;m
139; Julie;w
140; Klaus;m
141; Paul;m
142; Josef;m
143; Josef;m
144; Maria u. Norbert;w
145; Josef;m
146; Robert;m
147; Willi;m
148; Lothar;m
149; Friedrich;m
150; Annerose (Wilisch);w
151; Else;w
152; Karl;m
153; Heinz M.;m
154; Johanne;w
155; Eugen;m
156; Theodor;m
157; Bertha von;w
158; Heinrich;m
159; Erich;m
160; Herbert;m
161; Willi;m
162; Christian;m
163; Hellmuth;m
164; Walter;m
165; Erich;m
166; Kurt;m
167; Erich;m
168; Clarus;m
169; Betti;w
170; Alfred;m
171; Wilhelm;m
172; Richard;m
173; Renate;w
174; Hans A.;m
175; Therese;w
176; Ernst;m
177; Karl H.;m
178; Hans;m
179; Liesel;w
180; Alfons;m
181; Karl;m
182; Klaus;m
183; Gustav;m
184; Gertrud;w
185; Peter;m
186; Georg;m
187; Willy;m
188; Walter F.;m
189; Anneliese;w
190; Paul;m
191; Albert;m
192; Curt;m
193; Heinrich;m
194; Martha;w
195; Gustav;m
196; Herbert;m
197; Christian;m
198; Jenny;w
199; Walter;m
200; Antonie;w
201; Richard;m
202; Curt;m
203; Elise;w
204; Kurt;m
205; Maike;w
206; Johannes;m
207; Wilfried;m
208; Marianne;w
209; Marta;w
210; Franz;m
211; Theodor;m
212; Heinrich;m
213; Hermann;m
214; Gerhard;m
215; Hans;m
216; Herbert;m
217; Karl;m
218; Theodor;m
219; Otto;m
220; Rolf;m
221; Elisabeth;w
222; Carl;m
223; Walter;m
224; Julius;m
225; Sepp;m
226; Erika  von;w
227; Gertrud;w
228; Paul;m
229; Eduard;m
230; Otto;m
231; Alice;w
232; Erich;m
233; Kurt;m
234; August u. Katharina;m
235; Margarete;w
236; Alfred;m
237; Gerhard;m
238; Rudolf;m
239; Anna;w
240; Alfred;m
241; Hans;m
242; August;m
243; Hans;m
244; Willi;m
245; Ermelinde;w
246; Wolfgang;m
247; Ernst;m
248; Hermann;m
249; Ilse;w
250; Edwin;m
251; Hilde;w
252; Ida;w
253; Joachim;m
254; Julius;m
255; Magarete;w
256; Karl;m
257; Ernst;m
258; Hans;m
259; Heinrich;m
260; Magda;w
261; Winfried;m
262; Fritz;m
263; Heinrich;m
264; Hans;m
265; Annemarie von;w
266; Hans;m
267; Hermann;m
268; Ernst;m
269; Alfred;m
270; Karl;m
271; Arnold;m
272; Anna Elise;w
273; Max;m
274; Siegfried;m
275; Anna;w
276; Jakob;m
277; Peter;m
278; Klaus-Dieter;m
279; Marieluise;w
280; Magda;w
281; Ernst;m
282; Else;w
283; Friedrich;m
284; Antonie;w
285; Albrecht;m
286; Helmuth;m
287; Käte;w
288; Dora;w
289; Gertrud;w
290; Brigitte;w
291; Otto Heinrich;m
292; Max;m
293; Carl;m
294; Alfred;m
295; Adolf;m
296; Ernst;m
297; Gerhard;m
298; Karl;m
299; Josef;m
300; Bernhard;m
301; Walter;m
302; Wolfgang;m
303; Carl;m
304; Siegfried von;m
305; Fritz;m
306; Hans;m
307; Erich;m
308; Hellmut G.;m
309; Helmi;w
310; Hans;m
311; Max;m
312; Maria u. Siegfried;w
313; Paul;m
314; Georg;m
315; Theodor;m
316; Heinrich;m
317; Hildegard;w
318; Siegfried;m
319; Elisabeth;w
320; James William;m
321; Gesine;w
322; Caspar;m
323; Willi;m
324; Hans Helmuth;m
325; Heinz-Gert;m
326; Robert;m
327; Fritz;m
328; Jacob u. Jacques;m
329; Karl;m
330; Heinz P.;m
331; Ilsemarie;w
332; Ella;w
333; Luise;w
334; Eitel Victor;m
335; Adolf;m
336; Herbert;m
337; Fritz;m
338; Charlotte;w
339; Alfred;m
340; Christoph;m
341; Otto F.;m
342; Marga;w
343; John;m
344; Max;m
345; Hildegard;w
346; Hans;m
347; Helmut;m
348; August u. Annemarie;m
349; Erich;m
350; Gerti;w
351; Hans;m
352; Alfred;m
353; Josef;m
354; Fritz;m
355; Margarethe;w
356; Karl A.;m
357; F. u. Waldemar;m
358; Katharine;w
359; Hermann;m
360; Heinz;m
361; Herbert;m
362; Rudolf;m
363; Siegfried;m
364; Paul;m
365; Engelbert;m
366; Hannah;w
367; Sinda;w
368; Heinrich;m
369; Georg;m
370; Wilhelm;m
371; Erich;m
372; Georg;m
373; Bodo;m
374; Adolf;m
375; Käte u. Max;m
376; Hermann;m
377; Adolf;m
378; Gertrud u. Heinrich;w
379; Walter;m
380; Walter;m
381; Theodor;m
382; Klaus;m
383; Johanna;w
384; Josef;m
385; Otto;m
386; Elisabeth;w
387; Ingeborg;w
388; Lorenz;m
389; Wilhelm;m
390; Maria;w
391; Gerhard;m
392; Ruth;w
393; Hilde;w
394; Oswald;m
395; Walther;m
396; Christine;w
397; Arthur u. Werner;m
398; Heinrich;m
399; Hete;w
400; Claus Silvester;m
401; Heinrich;m
402; Gustav;m
403; Max;m
404; Theo;m
405; Rosa;w
406; Heinz;m
407; Bernhard;m
408; Hans;m
409; Werner;m
410; Luise-Henriette;w
411; Werner;m
412; Gunter;m
413; Magda;w
414; Käthe;w
415; Katharina;w
416; Franz;m
417; Fritz;m
418; Gertrud;w
419; Uwe;m
420; Walter;m
421; Alfred;m
422; Kurt;m
423; Otto;m
424; Josef;m
425; Gerold;m
426; Albert;m
427; Wilhelm;m
428; Carl;m
429; Martha;w
430; August;m
431; Gisela;w
432; Karl-Heinz;m
433; Joseph E.;m
434; Hans;m
435; Heinrich u. Johanna;m
436; Konrad;m
437; Alfred;m
438; Erich;m
439; Hans;m
440; Franz;m
441; Ernst-Alfred von;m
442; Eva;w
443; Dora;w
444; Johann Friedrich;m
445; Karl;m
446; Elisabeth;w
447; Hans;m
448; Eva;w
449; Hasso;m
450; Willy;m
451; Alfred;m
452; Hildegard;w
453; Meta u. Georg;w
454; Carl;m
455; Hans;m
456; Max W.;m
457; Max;m
458; Franz;m
459; Otto;m
460; Günther;m
461; Hansjakob;m
462; Margrit u. Steffen;w
463; Wilhelm;m
464; Karl;m
465; Otto August;m
466; Max;m
467; Maria;w
468; Magdalena;w
469; Antonie;w
470; Hans-Jürgen;m
471; Ida;w
472; Ferdinand;m
473; Hans;m
474; Friedrich;m
475; Käte;w
476; Martha;w
477; Elisabeth u. Max;w
478; Wilhelm;m
479; Margot;w
480; Aenny u. Josef;m
481; Helmuth;m
482; Charlotte;w
483; Adolf;m
484; Anton;m
485; Heinrich;m
486; Johannes;m
487; Alice u. Friedrich;w
488; Hans;m
489; Oskar;m
490; Margarete;w
491; Otto;m
492; Hans;m
493; Kurt;m
494; Rudolf;m
495; Rudolf;m
496; Walther;m
497; Annette;w
498; Rosa;w
499; Franz-Wilhelm;m
500; Kurt;m
501; August;m
502; Karl-Theodor;m
503; Hans;m
504; Addy;m
505; Elisabeth;w
506; Karl;m
507; Max;m
508; Gustav;m
509; Finny;w
510; Bernhardine;w
511; Ilse;w
512; Franz;m
513; Fritz Karl;m
514; Walter;m
515; Else;w
516; Joseph Johann;m
517; Heinz;m
518; Ernst;m
519; Gerhard;m
520; Rudolf;m
521; Paul;m
522; Franziska Emilie;w
523; Rudolf;m
524; Tons;m
525; Hertha;w
526; Hermann;m
527; Werner;m
528; Ludwig u. Walter;m
529; Theodor;m
530; Erich;m
531; Anton;m
532; Elisabeth;w
533; Helmut;m
534; Alfons;m
535; Albert;m
536; Wilhelm;m
537; Gerhard;m
538; Hermann;m
539; Max;m
540; Kuno;m
541; Ilse;w
542; Franz-Xaver;m
543; Günther;m
544; Maria;w
545; Waltraud;w
546; Josef;m
547; Ludwig;m
548; Gertrud;w
549; Leo Stefan;m
550; Walter;m
551; Fritz;m
552; Adolf;m
553; Bernd;m
554; Elisabeth;w
555; Hans;m
556; Hedi;w
557; Hellmuth;m
558; Friedrich;m
559; Johann;m
560; Karl;m
561; Lothar u. Rose;m
562; Wilhelm;m
563; Alfred;m
564; Franz;m
565; Heinrich;m
566; Louise;w
567; Erich;m
568; Dieter;m
569; Walter;m
570; Erich;m
571; Richard;m
572; Else;w
573; Joseph;m
574; Hans Walter;m
575; Theodor;m
576; Max;m
577; Emil;m
578; Hilde;w
579; Helene;w
580; Arthur;m
581; Erwin;m
582; Else;w
583; Hermann;m
584; Walter;m
585; Inge;w
586; Josef;m
587; Richard;m
588; Alfred;m
589; Bruno;m
590; Eva;w
591; Anna;w
592; Paul;m
593; Gustav;m
594; Hans;m
595; Walter;m
596; Ivo;m
597; Richard;m
598; Alfred;m
599; Walther Hermann;m
600; Karl;m
601; W. Joachim;m
602; Reinhold;m
603; Eugen;m
604; Katharina u. Richard;w
605; Josef;m
606; Karl;m
607; Leonhard;m
608; August;m
609; David;m
610; Helmut;m
611; Alfons;m
612; Konrad;m
613; Gertrud;w
614; Alwin;m
615; Gertrud;w
616; Klaus-Georg;m
617; Paul;m
618; Hans-Gert;m
619; Harry;m
620; Curt;m
621; Heinrich Samuel;m
622; Leopold;m
623; Willy;m
624; Karl;m
625; August;m
626; Gerhard;m
627; Walter;m
628; Aenne;w
629; Kaspar;m
630; Franz von u. Ingeborg;m
631; Anni;w
632; Hans Ottomar;m
633; Käte;w
634; Walter;m
635; Robert;m
636; Herbert;m
637; Adolf;m
638; Fritz;m
639; Johann;m
640; Erna;w
641; Eugen;m
642; Karl;m
643; Peregrin;m
644; Hans;m
645; Robert;m
646; Ernst;m
647; Willy;m
648; Karl;m
649; Wolfgang;m
650; Erich;m
651; Albert;m
652; Hans Georg;m
653; Adolfine;w
654; Rudolf;m
655; Heinrich;m
656; Waldemar;m
657; Helmut;m
658; Gottfried;m
659; Anna;w
660; Waltraut;w
661; Erich;m
662; Hanna;w
663; Karl;m
664; Hedwig;w
665; Gerhard;m
666; Heinz;m
667; Wilhelm;m
668; Albert;m
669; Karl;m
670; Franz;m
671; Hans;m
672; Martin;m
673; Joseph;m
674; Robert van;m
675; August;m
676; Karl;m
677; Johanna u. Karl;w
678; Hermann;m
679; Hugo;m
680; Ernst Heinrich;m
681; Julius Georg;m
682; Agathe;w
683; Heinz;m
684; Otto;m
685; Annemarie;w
686; Wilhelm;m
687; Bruno;m
688; Georg;m
689; Christoph;m
690; Hans Joachim;m
691; Wilhelmine;w
692; Karl;m
693; Karl-Alfred;m
694; Meta;w
695; Kurt;m
696; Albert;m
697; Bodo;m
698; Hanns;m
699; Else;w
700; Hanns;m
701; Walter;m
702; Anni;w
703; Eva-Maria;w
704; Martha;w
705; Paul;m
706; Lucie;w
707; Rolf-Martin;m
708; Albert;m
709; Hans;m
710; Julius;m
711; Hans;m
712; Alfred;m
713; Gerhard;m
714; Susanne;w
715; Hans;m
716; Heinz;m
717; Rudolf;m
718; Cordula;w
719; Max;m
720; Karl;m
721; Eberhard;m
722; Ernst;m
723; Hans;m
724; Aenne;w
725; Ferdinand;m
726; Georg Leo;m
727; Kurt;m
728; Victor;m
729; Eduard;m
730; Franz J.;m
731; Osina;w
732; William;m
733; Hans;m
734; Rudolf;m
735; Oskar;m
736; Wilhelm;m
737; Wolfgang;m
738; Christine;w
739; Paul;m
740; Carl W. u. Eva Brigitte;m
741; Hans;m
742; Heinz Kurt;m
743; Kurt;m
744; Rudolf von;m
745; Georg;m
746; Walter;m
747; Willi;m
748; Wolfgang;m
749; Anneliese;w
750; Erich;m
751; Richard;m
752; Inge;w
753; Käthe;w
754; Ottohermann;m
755; Franz Ludwig;m
756; Theo;m
757; Gustav;m
758; Rolf;m
759; Elisabeth;w
760; Ernst;m
761; Wilhelm;m
762; Hans Friedrich;m
763; Emil;m
764; Walter;m
765; Elfriede;w
766; Gerhard;m
767; Hans;m
768; Elsbeth;w
769; Albin;m
770; Fritz u. Rolf;m
771; Friedrich;m
772; Ilse;w
773; Maria de;w
774; Helmut;m
775; Adolf;m
776; Elisabeth;w
777; Otto;m
778; Rudolf;m
779; Adolf;m
780; Rudolf;m
781; Martha;w
782; Hermann;m
783; Magarete;w
784; Gustav;m
785; Jakob;m
786; Karl;m
787; Walter;m
788; Carl;m
789; Friedrich Ludwig;m
790; Maria;w
791; Josef;m
792; Walter;m
793; Anton;m
794; Helene;w
795; Günter;m
796; Herta u. Peter;w
797; Bruno;m
798; Carl H.;m
799; Helene;w
800; Walter;m
801; Bruno;m
802; Albert;m
803; Edgar;m
804; Eleonora;w
805; Hans Jürgen;m
806; Josef;m
807; Wolfram von;m
808; Otto;m
809; Gisela;w
810; Fritz;m
811; Gisela;w
812; Heinrich;m
813; Klaus;m
814; Hans;m
815; Georg;m
816; Karl;m
817; Michael u. Renata;m
818; Clara;w
819; Günther;m
820; Johannes;m
821; Kurt;m
822; Walter;m
823; Ludwig;m
824; Franz;m
825; Erwin;m
826; Werner;m
827; Marta;w
828; Eduard;m
829; Eugen;m
830; Ernst Rainer;m
831; Heinz;m
832; Bruno;m
833; Karl Friedrich;m
834; Benedikt;m
835; Ella;w
836; Elsa;w
837; Leo F.;m
838; Else;w
839; Gisela;w
840; Wilhelm;m
841; Karl;m
842; Hans;m
843; Raimund;m
844; Michael;m
845; Heinrich;m
846; Margret;w
847; Kurt;m
848; Rudolf;m
849; Hans Waldemar;m
850; Jakob;m
851; Fritz u. Gisela;m
852; Hedwig;w
853; Berta;w
854; Hermann;m
855; Margit;w
856; Hans Jacob;m
857; Mathilde (geb. Steurer);w
858; Albert;m
859; Friedrich;m
860; Doris;w
861; Günther;m
862; Rudolf;m
863; Hans-Jürgen;m
864; Kurt;m
865; Ursula;w
866; Willy;m
867; Ernst;m
868; Emil;m
869; Adam;m
870; Robert;m
871; Ernst;m
872; Willy;m
873; Kurt;m
874; Elisabeth;w
875; Ernst;m
876; Hans-Joachim;m
877; Elisabeth;w
878; Friedrich Wilhelm;m
879; Joachim;m
880; Max;m
881; Josef;m
882; Carl;m
883; Waldemar;m
884; Julius;m
885; Emil;m
886; Theodor;m
887; Erich;m
888; Erna;w
889; Evemarie;w
890; Arthur;m
891; Walter;m
892; Friedrich;m
893; Susanne;w
894; Lothar;m
895; Josef;m
896; Gustav Wilhelm;m
897; Wilhelm;m
898; Jakob;m
899; Emil;m
900; Georg Willi;m
901; Erich;m
902; Wolfgang;m
903; Paul;m
904; Anita;w
905; Artur;m
906; Christel;w
907; Paul;m
908; Friedrich;m
909; Marie;w
910; Friedrich;m
911; Erich;m
912; Wilhelm;m
913; Ada u. Rudolf;m
914; Rudolf;m
915; Walther;m
916; Anna;w
917; Hans;m
918; Elisabeth;w
919; Dora;w
920; Herbert;m
921; Wulf;m
922; Gustav;m
923; Erich;m
924; Hermann;m
925; Franz Ernst;m
926; Edmund Adolf;m
927; Willi;m
928; Ernst;m
929; Walter;m
930; Eberhard;m
931; Wilfried;m
932; Eduard;m
933; Ingeborg;w
934; Erna;w
935; Wilhelm;m
936; Josef u. Thea;m
937; Frieda;w
938; Gernot;m
939; Charley;m
940; Fritz;m
941; Elfriede;w
942; Hans;m
943; Emilie u. Ernst-Günter;w
944; Marta u. Robert;w
945; Walter;m
946; Walter;m
947; Josef;m
948; Friedrich;m
949; Willi;m
950; Anneliese;w
951; Ewald M.;m
952; Karl;m
953; Hubert;m
954; Gerhard;m
955; Kurt;m
956; Richard;m
957; Rudolf;m
958; Rolf;m
959; Carl;m
960; Georg;m
961; Heinrich u. Hildegard;m
962; Walter;m
963; Annemarie;w
964; Klaus;m
965; Karl Heinrich;m
966; Otto;m
967; Anna u. Johannes;w
968; Johannes;m
969; Paul Friedrich;m
970; Karl;m
971; Otto;m
972; Ernst;m
973; Herbert;m
974; Katharina u. Max;w
975; Johannes;m
976; Josef;m
977; Hans E.;m
978; Bernhard;m
979; Heinrich;m
980; Herbert;m
981; Karl;m
982; Alfred;m
983; Anna-Sofie;w
984; Elke;w
985; Erich;m
986; Klaus;m
987; Waldemar;m
988; Werner;m
989; Ludwig;m
990; Wilhelm;m
991; Willy;m
992; Hans;m
993; Günther;m
994; Wilhelm;m
995; Emmy;w
996; Albin;m
997; Albert;m
998; Hildgund;w
999; Hans;m
1000; Charlotte;w
1001; Eduard;m
1002; Kurt;m
1003; Paul;m
1004; Elli;w
1005; Adolf;m
1006; Liselotte;w
1007; Hans;m
1008; Richard;m
1009; Hermann;m
1010; Eugen;m
1011; Marianne;w
1012; Ernst;m
1013; Paul;m
1014; Emil;m
1015; Emil;m
1016; Johannes;m
1017; Irene;w
1018; Roland;m
1019; Wilhelm;m
1020; Gerda (Keppler);w
1021; Maria;w
1022; Marianne;w
1023; Marie;w
1024; Ilse;w
1025; Kurt;m
1026; Eberhard;m
1027; Carl;m
1028; August u. Gertrud;m
1029; Otto G.;m
1030; Felix;m
1031; Robert;m
1032; Alphons;m
1033; A. Hilmar;m
1034; Emil;m
1035; Lothar;m
1036; Alfred;m
1037; Liselotte;w
1038; Walter;m
1039; Wolfgang;m
1040; Hermann;m
1041; Carl;m
1042; Gustav;m
1043; Eduard;m
1044; Agnes;w
1045; Mathilde Freiin von;w
1046; Anna Maria und Hans;w
1047; Lilli;w
1048; Karl;m
1049; Ernst;m
1050; Heinrich;m
1051; Adolf;m
1052; Fritz;m
1053; Katrin;w
1054; Josephine;w
1055; Hermann;m
1056; Olga Meta;w
1057; Elisabeth;w
1058; Paul;m
1059; Karl;m
1060; Mathilde;w
1061; Hermann;m
1062; Ruth;w
1063; Gustav u. Hedwig;m
1064; Francis Gerling;m
1065; Hans;m
1066; Olaf;m
1067; Fritz;m
1068; Wilhelm;m
1069; Hermann;m
1070; Hermann;m
1071; Elsbeth;w
1072; Erwin;m
1073; Rolf;m
1074; Rudolf;m
1075; Barbara;w
1076; Hellmut;m
1077; Albrecht;m
1078; John;m
1079; Karl;m
1080; Nis;m
1081; Hermann u. Wilhelm;m
1082; Rudolf;m
1083; Elisabeth;w
1084; Robert;m
1085; Andreas;m
1086; Josef H.;m
1087; Ernst;m
1088; Agathe;w
1089; Karl Benno;m
1090; Rudolf;m
1091; Ernst;m
1092; Werner;m
1093; Martha;w
1094; Karl Peter;m
1095; Werner;m
1096; Hugo;m
1097; Carl Ernst;m
1098; Werner;m
1099; Georg u. Rudolf;m
1100; Johannes;m
1101; Ursula;w
1102; Herbert;m
1103; Fritz;m
1104; Gustav;m
1105; Milli;w
1106; Dietrich;m
1107; Eberhard;m
1108; Hermann;m
1109; Ludwig;m
1110; Walter;m
1111; Karl;m
1112; Fritz;m
1113; Willy;m
1114; Horst;m
1115; Rolf;m
1116; Willi;m
1117; Karl;m
1118; Karlheinz;m
1119; Robert;m
1120; Heide;w
1121; Heinrich;m
1122; Franz;m
1123; Walter;m
1124; Günther;m
1125; Johann;m
1126; Karl;m
1127; Maria;w
1128; Martha;w
1129; Jean;m
1130; Erich Albert;m
1131; Wolf;m
1132; Erich;m
1133; Hans;m
1134; Karl;m
1135; Karl;m
1136; Helene;w
1137; Werner;m
1138; Margarethe;w
1139; Maximilian;m
1140; Walter;m
1141; Andreas;m
1142; Georg;m
1143; Heinrich;m
1144; Erich;m
1145; Walter;m
1146; Kurt W.;m
1147; Johannes;m
1148; Franz;m
1149; Hans;m
1150; Erna;w
1151; Alfred F.;m
1152; Margarita;w
1153; Hanni;w
1154; Hans;m
1155; Walter;m
1156; Emma;w
1157; Walter;m
1158; Lisbeth;w
1159; Irmengard;w
1160; Hans-Jochen;m
1161; Arthur-Ernst;m
1162; Manfred;m
1163; Eugen;m
1164; Carl;m
1165; Georg u. Luise;m
1166; Gottfried;m
1167; Karl;m
1168; Leo;m
1169; Friedrich;m
1170; Rolf;m
1171; Ernst;m
1172; Waldtraut;w
1173; Paul;m
1174; Heinrich;m
1175; Hans;m
1176; Friedrich;m
1177; Heinrich;m
1178; Paul;m
1179; Sofie;w
1180; Bernhard;m
1181; Herbert;m
1182; Richard;m
1183; Paula;w
1184; Johannes;m
1185; Friedrich;m
1186; Helmuth;m
1187; Irmgard;w
1188; Robert;m
1189; Wilhelm;m
1190; Gerhard;m
1191; Hans-Joachim von;m
1192; Gustav;m
1193; Karl;m
1194; Burkhard;m
1195; Friedrich;m
1196; Karl;m
1197; Walter;m
1198; Wilhelm;m
1199; Charlotte;w
1200; Waldemar;m
1201; Karl Martin;m
1202; August W.;m
1203; Friedrich;m
1204; August;m
1205; Elisabeth;w
1206; Emilie;w
1207; Fritz;m
1208; Siegfried;m
1209; Carl Hugo;m
1210; Erhard C. J.;m
1211; Ingeborg;w
1212; Woldemar;m
1213; R. Arno;m
1214; Erich;m
1215; Nikolaus-Peter;m
1216; Helga;w
1217; Dorothee von;w
1218; Hermann;m
1219; Clara;w
1220; Hildegard;w
1221; Maria;w
1222; Irmgard u. Ludwig u. Rudolf;w
1223; Horst;m
1224; Ottilie;w
1225; Ernst;m
1226; Margarete;w
1227; Herbert;m
1228; Walther;m
1229; Hildegard (Wihan);w
1230; Werner;m
1231; Hans;m
1232; Heinz;m
1233; Albert;m
1234; Otto;m
1235; Friedrich;m
1236; Fritz;m
1237; Wilhelm Hans;m
1238; Josef;m
1239; Curt;m
1240; Kurt u. Kurt H.;m
1241; Luise;w
1242; Eduard;m
1243; Karl;m
1244; Aribert von;m
1245; Hermann;m
1246; Anton;m
1247; Carl;m
1248; Carola;w
1249; Max;m
1250; Carl;m
1251; Ernst;m
1252; Georg;m
1253; Martin;m
1254; Emmy;w
1255; Elisabeth;w
1256; Jenny;w
1257; Oskar;m
1258; Robert;m
1259; Annemarie;w
1260; Karl;m
1261; Martha;w
1262; Max;m
1263; Paul;m
1264; Konrad;m
1265; Heinzwolf;m
1266; Hugo;m
1267; Ilse;w
1268; Johannes;m
1269; Leo;m
1270; Eberhard;m
1271; Heinrich;m
1272; Harald;m
1273; Rudolf;m
1274; Robert;m
1275; Hellmut;m
1276; Walter;m
1277; Luise;w
1278; Michael;m
1279; Paul;m
1280; Wilhelm;m
1281; Richard;m
1282; Theoheinz;m
1283; Anna;w
1284; Johanna;w
1285; Marie;w
1286; Oskar;m
1287; Karl;m
1288; Leonie;w
1289; Hans-Karl;m
1290; Anton;m
1291; Hedwig;w
1292; Wilhelm;m
1293; Friedrich;m
1294; Adolf;m
1295; Alfred;m
1296; Gesine;w
1297; Heinz;m
1298; Luise;w
1299; Waltraut;w
1300; Helmut;m
1301; Hanns;m
1302; August;m
1303; Clara;w
1304; Heinrich;m
1305; Heinrich;m
1306; Peter;m
1307; Julius W.;m
1308; Meta;w
1309; Josef;m
1310; Walter;m
1311; Walter;m
1312; Lieselotte;w
1313; Werner;m
1314; Alfons;m
1315; Josef;m
1316; Kurt;m
1317; Hans;m
1318; Werner;m
1319; Walter;m
1320; Ulrich C. A.;m
1321; Erich A.;m
1322; Wilhelm;m
1323; Wilhelm;m
1324; Günter;m
1325; Hans;m
1326; Anna;w
1327; Fritz;m
1328; Karl;m
1329; Regina;w
1330; Friedrich;m
1331; Paul;m
1332; Hildegard;w
1333; Hermann;m
1334; Rolf;m
1335; Helmut;m
1336; Bernhard;m
1337; Willy;m
1338; Alfred D.;m
1339; Helmut;m
1340; Hermann;m
1341; Hubert;m
1342; Otto;m
1343; Rudolf;m
1344; Hans;m
1345; Richard;m
1346; Anni;w
1347; Elfriede;w
1348; Viktor;m
1349; Käte;w
1350; Erne u. Willi;m
1351; Emma u. Konrad;w
1352; Friedrich;m
1353; Ernst;m
1354; Charles;m
1355; Paula;w
1356; Arthur;m
1357; Carl;m
1358; Josef;m
1359; Sibille;w
1360; Helmut;m
1361; Kurt;m
1362; Fritz;m
1363; Hans Georg;m
1364; Maria;w
1365; Käthe;w
1366; Ernst;m
1367; Adolf;m
1368; Wilhelm;m
1369; Martin;m
1370; Therese;w
1371; Hedwig;w
1372; Hugo;m
1373; Detlev;m
1374; Heinrich;m
1375; Josef;m
1376; Julius;m
1377; Friedrich;m
1378; Otto;m
1379; Horst-Georg;m
1380; August;m
1381; Karl;m
1382; Günther;m
1383; Matthias;m
1384; Lina u. Ludwig;w
1385; J. Willibald;m
1386; Friedrich;m
1387; Franz;m
1388; Hans;m
1389; Gerhard;m
1390; Joseph;m
1391; Rudolf A.;m
1392; Alfred;m
1393; Margarete;w
1394; Tönjes;m
1395; Hedwig;w
1396; Stefanie;w
1397; Adelheid;w
1398; Else;w
1399; Gertrud;w
1400; Georg;m
1401; Rosa;w
1402; Albert;m
1403; Adalbert;m
1404; Alfons;m
1405; Loni;w
1406; Walter;m
1407; Martin G.;m
1408; Alfred;m
1409; Arthur Heinz;m
1410; Hans;m
1411; Leo;m
1412; Paul;m
1413; Walter;m
1414; Otto;m
1415; Gotthelf;m
1416; Gustav;m
1417; Barbara;w
1418; Reiner;m
1419; Otto;m
1420; Karl Heinz;m
1421; Ernst;m
1422; Georg;m
1423; Harry;m
1424; Georg;m
1425; Otto;m
1426; August;m
1427; Hellmuth;m
1428; Karl-Heinz;m
1429; Walter;m
1430; Ernst;m
1431; Benno Franz;m
1432; Heinz;m
1433; Otto Erich u. Rudolf;m
1434; Shlomo;m
1435; Rudolf;m
1436; Heinz;m
1437; Elisabeth;w
1438; Friedrich;m
1439; Konrad;m
1440; Friedrich;m
1441; Rudolf;m
1442; Hans;m
1443; Franz;m
1444; Grete u. Rolf;w
1445; Kurt;m
1446; Bernhard von;m
1447; Wilhelm;m
1448; Hermann;m
1449; Alfred H.;m
1450; Fritz;m
1451; Hanni;w
1452; Georg u. Fanny;m
1453; Annie;w
1454; Frieda;w
1455; Oskar;m
1456; Gerda;w
1457; Franz;m
1458; Paul;m
1459; Erich;m
1460; Charlotte u. Fritz;w
1461; Erich;m
1462; Adolf;m
1463; Fritz;m
1464; Christel;w
1465; Johanna;w
1466; Alois;m
1467; Walter;m
1468; Eva;w
1469; Paula;w
1470; Josef;m
1471; Klara;w
1472; Valentin;m
1473; Irmgard von;w
1474; Lisbeth;w
1475; Fritz;m
1476; Ludwig;m
1477; Wilhelm;m
1478; Conrad;m
1479; Rudolf;m
1480; Hertha;w
1481; Anton;m
1482; Wolfgang;m
1483; Hans;m
1484; Kurt;m
1485; Otto;m
1486; Johanna;w
1487; Thoedora;w
1488; Walter;m
1489; Willy;m
1490; Emil;m
1491; Maria;w
1492; Georg;m
1493; Dorothea u. Ernst;w
1494; Johann;m
1495; Otto H.;m
1496; Helene;w
1497; Martin;m
1498; Johannes;m
1499; Anke;w
1500; Ernsthelmut;m
1501; Herbert;m
1502; Gerhard;m
1503; Georg;m
1504; Else;w
1505; Erich;m
1506; Berta;w
1507; Otto;m
1508; Gerda;w
1509; Erna;w
1510; Franz;m
1511; Arnold;m
1512; Victoria;w
1513; Anton;m
1514; Helmut;m
1515; Johannes;m
1516; Werner;m
1517; Kurt;m
1518; Charles Henri;m
1519; Ludwig;m
1520; Fritz u. Gertrud;m
1521; Helene;w
1522; Maria Eva von;w
1523; Wilhelm;m
1524; Robert;m
1525; Gustav;m
1526; Karl Gerhard;m
1527; Erna;w
1528; Ferdinand;m
1529; Albert;m
1530; Martin;m
1531; Wilhelm;m
1532; Hermann;m
1533; Käthe;w
1534; Edith;w
1535; Wilhelm;m
1536; Theodor;m
1537; Adelheid;w
1538; Franz;m
1539; Herbert u. Margot;m
1540; Johannes;m
1541; Kurt;m
1542; Erich;m
1543; Hanna;w
1544; Herta;w
1545; Benno;m
1546; Emil u. Luise;m
1547; Kurt u. Maria;m
1548; Fuat;m
1549; Elisabeth;w
1550; Rudolf;m
1551; Sophie;w
1552; Wilhelm;m
1553; Max;m
1554; Wilhelm;m
1555; Luise;w
1556; Arthur;m
1557; Gerhard;m
1558; Ingeborg;w
1559; G. Emil;m
1560; Eugen;m
1561; Gertrud;w
1562; Helene;w
1563; Kurt;m
1564; Valentin;m
1565; Helga;w
1566; Günther;m
1567; Helmuth;m
1568; Kurt;m
1569; Erich;m
1570; Fritz;m
1571; Friedrich Emil;m
1572; Ida;w
1573; Erich;m
1574; Wolfgang;m
1575; Felix;m
1576; Hans-Carl;m
1577; Otto Heinrich;m
1578; Hermann u. Konrad;m
1579; Johanna;w
1580; Kurt;m
1581; Karl;m
1582; Konrad;m
1583; Friedrich;m
1584; Hansjürgen;m
1585; Günther;m
1586; Liselotte;w
1587; Fritz;m
1588; Rudolf;m
1589; Karl;m
1590; Eva;w
1591; Lorenz;m
1592; Erich;m
1593; Friedrich;m
1594; Heinz;m
1595; Rudolf;m
1596; Emilie von;w
1597; Fritz;m
1598; Josef;m
1599; Hans;m
1600; Adolf;m
1601; Anna;w
1602; Dora;w
1603; Ernst;m
1604; Friedrich;m
1605; Gertrud;w
1606; Gustav;m
1607; Hanns;m
1608; Heinrich u. Henny;m
1609; Hildegard;w
1610; Johannes;m
1611; Ludwig;m
1612; Maria;w
1613; Otto H. F.;m
1614; Wilhelm;m
1615; Henri;m
1616; Hermann;m
1617; Anneliese;w
1618; Friedrich;m
1619; Hansgeorg;m
1620; Karl;m
1621; Hans;m
1622; Georg;m
1623; Rudolf;m
1624; Friedrich;m
1625; Arthur;m
1626; Jacob;m
1627; Hermann;m
1628; Karl;m
1629; Ilse;w
1630; Miron;m
1631; Gertrud;w
1632; Fritz;m
1633; Martin;m
1634; Franz;m
1635; Walter;m
1636; Johann;m
1637; Balthasar;m
1638; Hellmut;m
1639; Karl;m
1640; Martha;w
1641; Rudolf;m
1642; Walter;m
1643; Ruth;w
1644; Arnold;m
1645; Heinrich;m
1646; Ulrich;m
1647; Franz;m
1648; Paul;m
1649; Karl;m
1650; Elemér von;m
1651; Alfons;m
1652; Willem;m
1653; Hermann;m
1654; Paul;m
1655; Bruno;m
1656; Albrecht;m
1657; Walter;m
1658; Thea;w
1659; Alfred;m
1660; Fritz;m
1661; Fritz;m
1662; Georg;m
1663; Georg Wilhelm;m
1664; Gertrud;w
1665; Günther;m
1666; Hanns Georg;m
1667; Hardy;m
1668; Heinrich;m
1669; Helmut;m
1670; Lambert;m
1671; Martha;w
1672; Meta;w
1673; Oskar;m
1674; Otto;m
1675; Paul;m
1676; Rudolf;m
1677; Ursula;w
1678; Vera;w
1679; Werner;m
1680; Woldemar;m
1681; Wolf;m
1682; Wolfgang;m
1683; Burchard;m
1684; E. Hans;m
1685; Gertrud;w
1686; Elisabeth;w
1687; Thea;w
1688; Irmgard u. Rolf;w
1689; Wolfgang;m
1690; Arthur;m
1691; Ernst;m
1692; Franz Camillo;m
1693; Ernst;m
1694; Ernst;m
1695; Baron Janko von;m
1696; Liselotte;w
1697; Othmar;m
1698; Kurt;m
1699; Georg A.;m
1700; Erich;m
1701; Theodor;m
1702; Berthold;m
1703; Heinrich;m
1704; Heinrich;m
1705; Margarete;w
1706; Loni;w
1707; Kurt;m
1708; Gustav;m
1709; Hans-Joachim;m
1710; Johann;m
1711; Melitta;w
1712; Angelika u. Rudolf;w
1713; Wernher;m
1714; Gerhard;m
1715; Hans;m
1716; Hermann;m
1717; Marta;w
1718; Nicolaus;m
1719; Werner;m
1720; Max;m
1721; Hellmut;m
1722; Ernst;m
1723; Emil;m
1724; Adolf;m
1725; Hedwig;w
1726; Heinrich;m
1727; Hermann;m
1728; Werner;m
1729; Annemarie;w
1730; Vera u. Walter;w
1731; Anton;m
1732; Maria;w
1733; Kaspar;m
1734; Wilhelm;m
1735; Wilhelm;m
1736; Will;m
1737; Hans;m
1738; Ernst;m
1739; Hermann;m
1740; Ilse u. Johannes;w
1741; Josef;m
1742; Walter;m
1743; Helmut Hubert;m
1744; Adalbert;m
1745; Berthold;m
1746; Georg;m
1747; Georg;m
1748; Walther;m
1749; Paul;m
1750; Hans;m
1751; Roman;m
1752; Johann;m
1753; Auguste;w
1754; Ernst;m
1755; Horst;m
1756; Karl;m
1757; Georg;m
1758; Gerhard;m
1759; Anneliese;w
1760; Karl-Heinz;m
1761; Wilhelm;m
1762; Frieda;w
1763; Ernst;m
1764; Heinz;m
1765; Walter;m
1766; Friedrich;m
1767; Carl-Reinhard;m
1768; Hermann;m
1769; Kurt;m
1770; Else;w
1771; Konrad;m
1772; Max;m
1773; Fritz;m
1774; Ria;w
1775; Gerda;w
1776; Albert;m
1777; Wilhelm;m
1778; Karl;m
1779; Hans;m
1780; Max;m
1781; Claus;m
1782; Christel;w
1783; Curt;m
1784; Erich;m
1785; Heinrich;m
1786; Kurt;m
1787; Rudolf;m
1788; Erich;m
1789; Franz;m
1790; Robert;m
1791; Gustav;m
1792; Giorgio;m
1793; Josef;m
1794; Kurt Freiherr von;m
1795; Günther;m
1796; Cläre;w
1797; Dietrich;m
1798; Horst;m
1799; Kurt;m
1800; Konrad;m
1801; Richard;m
1802; Friedrich;m
1803; Jürgen;m
1804; Wilhelm;m
1805; Heinrich;m
1806; Amandus Kurt;m
1807; Gustav;m
1808; Martha u. Walter;w
1809; Hans-Joachim;m
1810; Eduard;m
1811; Franz-Wilhelm u. Hanns Gunther;m
1812; Martin;m
1813; Margarete;w
1814; Curt;m
1815; Karl;m
1816; Wolf Jürgen;m
1817; Fritz;m
1818; Georg;m
1819; Georg;m
1820; Grete;w
1821; Hans;m
1822; Karl;m
1823; Karl;m
1824; Maria;w
1825; Kurt;m
1826; Erhard;m
1827; Edy-Herbert;w
1828; Busso;m
1829; Josef;m
1830; Hermann;m
1831; Marie-Luise;w
1832; Gottfried;m
1833; Otto;m
1834; Otto;m
1835; Philipp;m
1836; Anton;m
1837; Arthur;m
1838; Johann;m
1839; Fritz;m
1840; Ludwig u. Marianne;m
1841; Herbert;m
1842; Kurt;m
1843; Karl;m
1844; Charlotte;w
1845; Martha;w
1846; Adolf;m
1847; Josef;m
1848; Albert;m
1849; Hedwig;w
1850; Wilhelm;m
1851; Walter;m
1852; Werner;m
1853; Günter;m
1854; Hans;m
1855; Carl;m
1856; Horst;m
1857; Ernst Karl;m
1858; Walter;m
1859; Anton;m
1860; Anton;m
1861; Friedrich;m
1862; Arnold;m
1863; Hans-Henning;m
1864; Hannelore;w
1865; Wilhelm;m
1866; Charlotte;w
1867; Hermann;m
1868; Maria;w
1869; Franz;m
1870; Inge;w
1871; Ernst P.;m
1872; Hildegard;w
1873; Eddy;m
1874; Ernst;m
1875; Hanna;w
1876; Wilhelm;m
1877; Fritz;m
1878; Hanns;m
1879; Wilhelm;m
1880; Karl;m
1881; Hans Anton u. Maria;m
1882; Carola;w
1883; Ernst;m
1884; Leonhard;m
1885; Ernst-Julius;m
1886; Fritz;m
1887; Friedrich;m
1888; Margarete;w
1889; Otto;m
1890; Alfred;m
1891; Erich;m
1892; Ernst;m
1893; Karl;m
1894; Erwin;m
1895; Willy;m
1896; Heinz;m
1897; Lotte;w
1898; Clara;w
1899; Heinrich;m
1900; Anton;m
1901; Hermann;m
1902; Werner;m
1903; Karl-Heinz von;m
1904; Friedrich;m
1905; Kurt;m
1906; Georg;m
1907; Elfriede;w
1908; Christine;w
1909; Margarete;w
1910; Lotte;w
1911; Erich;m
1912; Elisabeth;w
1913; Dino;m
1914; Georg;m
1915; Edmund;m
1916; Elisabeth u. Maria;w
1917; Mathilde;w
1918; Anna u. Josef;w
1919; Josef;m
1920; Margarethe;w
1921; Ella;w
1922; Hermann;m
1923; Ferdinand;m
1924; Johannes;m
1925; Paul;m
1926; Eva;w
1927; Hans-Georg;m
1928; Helmut;m
1929; Georg;m
1930; Franz;m
1931; Gerhard;m
1932; Berthold;m
1933; O. Camillus;m
1934; Wilhelm;m
1935; Henriette von;w
1936; Erich;m
1937; Ernst;m
1938; Wilhelm;m
1939; Heinz;m
1940; Irma;w
1941; Käte;w
1942; Franz;m
1943; Friedrich W.;m
1944; Hedwig;w
1945; Wilhelm;m
1946; Melanie;w
1947; Hanns;m
1948; Hans;m
1949; Georg;m
1950; Dorothea;w
1951; Sophie;w
1952; Eduard;m
1953; Alfred;m
1954; Friedrich;m
1955; Margot;w
1956; Paul;m
1957; Liesel;w
1958; Helmut;m
1959; Hermann u. Reinhard-Pape;m
1960; Elisabeth;w
1961; Josef;m
1962; Werner;m
1963; Ewald;m
1964; Karl;m
1965; Hans-Christoph;m
1966; Grete;w
1967; Carl August;m
1968; Elise;w
1969; Theo;m
1970; Hermann;m
1971; Werner;m
1972; Heinrich;m
1973; Hildegard;w
1974; Ferdinand von;m
1975; Ernst;m
1976; Franz u. Gisela;m
1977; Dorothea;w
1978; Herta;w
1979; Heinrich;m
1980; Elfriede;w
1981; Elisabeth;w
1982; Erich;m
1983; Franz;m
1984; Herta;w
1985; Karl;m
1986; Magarete;w
1987; Max;m
1988; Walter;m
1989; Wilhelm E.;m
1990; Hans;m
1991; Karl;m
1992; Hans;m
1993; Richard;m
1994; Hans;m
1995; Bruno;m
1996; Bernhard;m
1997; Franz Theodor;m
1998; Rudolf sen. u. Rudolf jun.;m
1999; Hans O. G.;m
2000; Hermann;m
2001; Maria;w
2002; Hedwig;w
2003; Carl;m
2004; Horst Alex;m
2005; Rudof Carl;m
2006; Franz;m
2007; Bernhard;m
2008; Norbert;m
2009; Manfred;m
2010; Erna;w
2011; Walter;m
2012; Hans Wilhelm;m
2013; Franz;m
2014; Eberhard;m
2015; Rolf;m
2016; Gustav A.;m
2017; Horst;m
2018; Christof;m
2019; Gunther;m
2020; Gerhart;m
2021; Mary;w
2022; Wilhelm;m
2023; Heinrich;m
2024; Anton;m
2025; Elisabeth von;w
2026; Karl;m
2027; W. August;m
2028; Caroline;w
2029; Christoph von der;m
2030; Otto;m
2031; Ferdinand;m
2032; Gerd;m
2033; Edgar;m
2034; Max;m
2035; Willi;m
2036; Friedericke;w
2037; Berta;w
2038; Josef;m
2039; Hans;m
2040; Adolf;m
2041; Gerhard;m
2042; Gustav;m
2043; Hannelore;w
2044; Hilde;w
2045; Klaus;m
2046; Wolfgang;m
2047; Eduard;m
2048; Erich;m
2049; Rudolf;m
2050; Ada;w
2051; Heinrich;m
2052; Johannes;m
2053; Fritz;m
2054; Xaver;m
2055; Ernst;m
2056; Irmgard;w
2057; Heinrich;m
2058; Erika;w
2059; Carl;m
2060; Violet;w
2061; Harry;m
2062; Helene;w
2063; Alex;m
2064; Oskar;m
2065; Karl;m
2066; Wilhelm;m
2067; Max;m
2068; Wilhelm;m
2069; Otto;m
2070; Ingeborg;w
2071; Kurt;m
2072; August Hans;m
2073; Maria;w
2074; Karl;m
2075; Oskar;m
2076; Irmgard;w
2077; Gerhard;m
2078; Adolf;m
2079; Johanna;w
2080; Wilhelm Eduard;m
2081; Karl;m
2082; Günter;m
2083; Hermann Karl Otto u. Margarete;m
2084; Ludwig;m
2085; Karl-Heinz;m
2086; Alice;w
2087; Georg;m
2088; Otto;m
2089; August u. Sophie;m
2090; Josefa;w
2091; Josef;m
2092; Fritz;m
2093; Karl Josef;m
2094; Irmfried Heinz;m
2095; Hugo;m
2096; Margarete;w
2097; Wilhelm;m
2098; Adolf;m
2099; Karl-Otto;m
2100; Arthur;m
2101; Werner;m
2102; Irma;w
2103; Paul;m
2104; Paula;w
2105; Georg;m
2106; Friedrich;m
2107; Helene;w
2108; Mathilde;w
2109; Max;m
2110; Erich;m
2111; Theo;m
2112; Friedrich;m
2113; Ingeborg von;w
2114; Alex;m
2115; Erna;w
2116; Bernhard;m
2117; Alois;m
2118; Emma Luise;w
2119; Berta;w
2120; Robert F.;m
2121; Friedrich;m
2122; Hannelore;w
2123; Hedwig;w
2124; Friedrich-Karl;m
2125; Georg Kurt;m
2126; Friedrich;m
2127; Fritz;m
2128; Erna;w
2129; Karl Albrecht von;m
2130; Anton;m
2131; Johannes Werner;m
2132; Georg;m
2133; Erich;m
2134; Helmut;m
2135; Erika u. Hans;w
2136; Erwin;m
2137; Herbert;m
2138; Otto;m
2139; Elisabeth;w
2140; Karl;m
2141; Kurt;m
2142; Philipp;m
2143; Karl-Heinrich;m
2144; Paul;m
2145; Gregor;m
2146; Hubert u. Renate;m
2147; Gertrud;w
2148; Friedrich;m
2149; Franz;m
2150; Heinrich;m
2151; Fritz;m
2152; Karl;m
2153; Marie;w
2154; Anna;w
2155; Hans;m
2156; Dieter;m
2157; Käthe;w
2158; Hans-Joachim;m
2159; Otto;m
2160; Hellmut;m
2161; Karl;m
2162; Gerda;w
2163; Kurt;m
2164; Franz;m
2165; Luise;w
2166; Alfred;m
2167; Anna Ida;w
2168; Bertel;m
2169; Dora;w
2170; Erich;m
2171; Fritz;m
2172; Gerda;w
2173; Gustav;m
2174; Hanna;w
2175; Hans;m
2176; Hedwig u. Max;w
2177; Helmuth;m
2178; Herbert G.;m
2179; Heribert;m
2180; Hermann;m
2181; Hermann;m
2182; Joachim;m
2183; Karl;m
2184; Karl;m
2185; Max;m
2186; Otto;m
2187; Richard;m
2188; Ruth-Marga;w
2189; Werner;m
2190; Roland;m
2191; Albert;m
2192; Karl u. Hans;m
2193; Josef;m
2194; Karlheinz;m
2195; Ferdinand u. Heinrich;m
2196; Helmi u. Peter;w
2197; Richard;m
2198; Wilhelm;m
2199; Wilhelm;m
2200; Arnold;m
2201; Annemarie;w
2202; Arno;m
2203; Christian;m
2204; Hans;m
2205; Jakob;m
2206; Luise;w
2207; Paul;m
2208; Wilhelm;m
2209; Wilhelm;m
2210; Willi;m
2211; Willi;m
2212; Wolfgang;m
2213; Ingeburg;w
2214; Karl;m
2215; Paula;w
2216; Thilde;w
2217; Werner;m
2218; Herbert;m
2219; Alois;m
2220; Gustav;m
2221; Walter u. Marianne;m
2222; Hildegard;w
2223; Fritz;m
2224; Martin;m
2225; Oscar;m
2226; Anni;w
2227; Eduard;m
2228; Otto;m
2229; Kurt;m
2230; Gabriele;w
2231; Hermann;m
2232; Ferdinand;m
2233; Wilhelm;m
2234; Bernhard;m
2235; Georg;m
2236; Gerd;m
2237; Günter;m
2238; Irmgard;w
2239; Joachim;m
2240; Franz;m
2241; Joachim;m
2242; Oskar;m
2243; Josef;m
2244; Georg;m
2245; Fritz;m
2246; Wolf R.;m
2247; Egon;m
2248; Heinrich;m
2249; Georg;m
2250; Guido;m
2251; Kurt;m
2252; Lili geb. Hiebler;w
2253; Gertrud;w
2254; Lydia;w
2255; Walter;m
2256; Lydia;w
2257; Willy;m
2258; Minnie;w
2259; Franz;m
2260; Joachim von;m
2261; Eberhard;m
2262; Ernst;m
2263; G. Ewald;m
2264; Hans;m
2265; Hermann;m
2266; Kurt;m
2267; Marion von;w
2268; Rita;w
2269; Heinrich;m
2270; Albert;m
2271; Lina;w
2272; Bernd;m
2273; Wilhelm;m
2274; Friedrich;m
2275; Johannes;m
2276; Ingrid;w
2277; Albin;m
2278; Alfons;m
2279; Siegfried;m
2280; Josef;m
2281; Paul;m
2282; Anton;m
2283; Annemarie;w
2284; Max;m
2285; Curt u. Rosa;m
2286; Hans;m
2287; Hans;m
2288; Berthold;m
2289; Paul;m
2290; Max Rudolf;m
2291; Susanne;w
2292; Walter E.;m
2293; Eduard F.;m
2294; Fritz;m
2295; Hermann;m
2296; Richard;m
2297; Karl-Friedrich;m
2298; Wolfram;m
2299; Erich;m
2300; Ludwig u. Wolfgang;m
2301; Paul;m
2302; Peter Otto;m
2303; Heinrich;m
2304; Emmy;w
2305; Gottfried;m
2306; Elise;w
2307; Karl;m
2308; Theodor;m
2309; Curt E.;m
2310; Emil;m
2311; Hendrik Ansas;m
2312; Johannes;m
2313; Hans;m
2314; Herta;w
2315; Johannes;m
2316; Helmut;m
2317; Maria;w
2318; Friedrich;m
2319; Adolf;m
2320; Georg;m
2321; Karl;m
2322; Margarete;w
2323; Margarethe;w
2324; Otto;m
2325; Reinhold;m
2326; Werner;m
2327; Wilhelm;m
2328; Ernst;m
2329; Else;w
2330; Emil;m
2331; Karlheinz;m
2332; Emil;m
2333; Franz;m
2334; Herbert;m
2335; Carl;m
2336; Joseph;m
2337; Oswald;m
2338; Fritz;m
2339; Erich;m
2340; Oskar;m
2341; Alexander E.;m
2342; Lore;w
2343; Elert A.;m
2344; Maria;w
2345; Gertrud;w
2346; Elly;w
2347; Margarethe G.;w
2348; Martin;m
2349; Willy;m
2350; Margot;w
2351; Alois u. Elisabeth;m
2352; Konrad;m
2353; Josef;m
2354; Franz Xaver;m
2355; Eduard;m
2356; Arthur L.;m
2357; Robert;m
2358; Kurt;m
2359; Hildegard;w
2360; Eugen;m
2361; Rudolf;m
2362; Irmgard;w
2363; Grete;w
2364; Josef;m
2365; Walter;m
2366; Hanns;m
2367; Karl;m
2368; Erwin;m
2369; Erich;m
2370; Georg E.;m
2371; Horst;m
2372; Curt;m
2373; Hans-Günter;m
2374; Berthold;m
2375; Helene;w
2376; Johannes;m
2377; Grete;w
2378; Heinrich;m
2379; Mathilde;w
2380; Samuel;m
2381; Karl;m
2382; Wilhelm;m
2383; Waltraut;w
2384; Alexander;m
2385; Anna;w
2386; Hedwig u. Josef;w
2387; Max;m
2388; Lotte;w
2389; Gertrud;w
2390; Carl;m
2391; Charlotte;w
2392; Sofie;w
2393; Kurt;m
2394; Ansgar;m
2395; Adam;m
2396; Kurd;m
2397; Karl L.;m
2398; Wilfried von;m
2399; Wolfram;m
2400; Alfred;m
2401; Kurt;m
2402; Henny;w
2403; Irmgard;w
2404; Bernard;m
2405; Erwin;m
2406; Willy u. Gesa;w
2407; Aimery;m
2408; Luise;w
2409; Josef;m
2410; Käte;w
2411; Walter;m
2412; Johann;m
2413; Walter;m
2414; August;m
2415; Georg P. K.;m
2416; Wilhelm;m
2417; Hannelore;w
2418; Adolf;m
2419; Herbert;m
2420; Otto;m
2421; Reinhold;m
2422; Friedrich;m
2423; Viktor;m
2424; Alfred;m
2425; Karl;m
2426; Oskar;m
2427; Werner;m
2428; Heinz;m
2429; Franz;m
2430; Franz;m
2431; Helga;w
2432; Gustav;m
2433; Emilie;w
2434; Ferdinand;m
2435; Hugo;m
2436; Julius;m
2437; Dorothee;w
2438; Florian;m
2439; Wolf Meinhard;m
2440; Harry;m
2441; Marinus M.;m
2442; Edmund;m
2443; Ernst Konrad;m
2444; Friedrich Adolf;m
2445; Karl;m
2446; Ernst;m
2447; Anton;m
2448; Walter;m
2449; Herbert;m
2450; Günther;m
2451; Max;m
2452; Maria;w
2453; Martha;w
2454; Karl;m
2455; Paul;m
2456; Gerhard;m
2457; Alfred;m
2458; Gottlob;m
2459; Gertrud;w
2460; Franz;m
2461; Ulrich;m
2462; Oskar;m
2463; Hans;m
2464; Carola;w
2465; Aenne;w
2466; Karl;m
2467; Heinrich u. Therese;m
2468; Edith;w
2469; Käthe;w
2470; August;m
2471; Carl;m
2472; Karl;m
2473; Lieselotte;w
2474; Dorothea u. Erich;w
2475; Ulrich;m
2476; Eberhard;m
2477; Helga;w
2478; Erich;m
2479; Julius Paul;m
2480; Hubert;m
2481; Josef;m
2482; Hermann;m
2483; Anne;w
2484; Paul;m
2485; Eberhard;m
2486; Kurt;m
2487; Willi;m
2488; Hans Joachim;m
2489; Karl;m
2490; Elise;w
2491; Manfred;m
2492; Wilhelm;m
2493; Edith;w
2494; Lucie;w
2495; Anny;w
2496; Johannes;m
2497; Franz;m
2498; Otto;m
2499; Hanns;m
2500; Robert;m
2501; Herbert;m
2502; Andreas;m
2503; Adam;m
2504; Kurt;m
2505; Wilhelm;m
2506; Ernst;m
2507; Adolf;m
2508; Fritz;m
2509; Hans;m
2510; Herbert;m
2511; Heinrich;m
2512; Dieter;m
2513; Martin;m
2514; Andreas Heinrich;m
2515; J. Carl;m
2516; Peter;m
2517; Emil;m
2518; Otto;m
2519; Gerhard;m
2520; Erika;w
2521; Josef;m
2522; Lelli von;w
2523; Erwin Freiherr von;m
2524; Otto;m
2525; Hans;m
2526; Gisela;w
2527; Werner;m
2528; Pista;w
2529; Ernestine;w
2530; Friedrich W.;m
2531; Bernhard;m
2532; Gertrud u. Walter;w
2533; Friedel;
2534; Fritz;m
2535; Heinrich;m
2536; Margarete;w
2537; Walter;m
2538; Karl;m
2539; Günther;m
2540; Anna;w
2541; Robert P.;m
2542; Theodor;m
2543; Alfred;m
2544; Jan;m
2545; Irene;w
2546; Otto;m
2547; Margarete;w
2548; Karl;m
2549; Josef;m
2550; Walter;m
2551; Walter;m
2552; Erich;m
2553; Walter Rudolf;m
2554; Dolly;w
2555; Siegfried;m
2556; Ernst;m
2557; Bernhard;m
2558; Rita;w
2559; Alexander;m
2560; Ingeborg;w
2561; Peter;m
2562; Friedrich;m
2563; Werner;m
2564; Marieluise;w
2565; Gerhard;m
2566; Herbert;m
2567; Richard u. Horst J.;m
2568; Engelberta;w
2569; Alfred;m
2570;Hans;m
2571; Wolf Freiherr von;m
2572; Wilhelm;m
2573; Julius;m
2574; Margot;w
2575; Therese;w
2576; Karl H.;m
2577; Richard;m
2578; Frieda;w
2579; Gustav;m
2580; Hans E.;m
2581; Leopold;m
2582; Werner von;m
2583; Ernst;m
2584; Arthur;m
2585; Tobias;m
2586; Karl;m
2587; Willy;m
2588; Otto;m
2589; Konrad D.;m
2590; Friedrich;m
2591; Curt;m
2592; Heinzpeter;m
2593; August Friedrich;m
2594; Ewald;m
2595; Rudolf;m
2596; Heinrich;m
2597; Philipp;m
2598; Friedrich;m
2599; Ingeborg;w
2600; Horst E.;m
2601; Alfons;m
2602; Josef;m
2603; Georg;m
2604; Karl;m
2605; Aquino;m
2606; Arthur Gustav;m
2607; Erich;m
2608; Friedrich;m
2609; Kurt;m
2610; Gerhard;m
2611; Karl;m
2612; Josepha;w
2613; Käthe;w
2614; Willy;m
2615; Helmut;m
2616; Otto-Helmuth von;m
2617; Rolf;m
2618; Gertrud;w
2619; Ernst;m
2620; Dieter u. Otto;m
2621; Henriette;w
2622; Joachim;m
2623; Fritz;m
2624; Friedrich;m
2625; Heinrich;m
2626; Friedrich Wilhelm;m
2627; Hermann;m
2628; Jürgen;m
2629; Karl Andreas;m
2630; Joseph;m
2631; Gisela;w
2632; Horst-Paul u. Paul;m
2633; Hans;m
2634; Carl;m
2635; Adalbert;m
2636; Aennie;w
2637; Anneliese;w
2638; Anton;m
2639; Georg;m
2640; Heinrich;m
2641; Herbert;m
2642; Irene;w
2643; Marie;w
2644; Paul;m
2645; Paula;w
2646; Joseph;m
2647; Marietta;w
2648; Sabine;w
2649; Frieda;w
2650; Hans;m
2651; Wolfgang u. Ruth;m
2652; Lucie;w
2653; Siegfried;m
2654; Viktor;m
2655; Emil;m
2656; Olga;w
2657; Herbert;m
2658; Adolf;m
2659; Adolf;m
2660; Marlu;w
2661; Johannes;m
2662; Hans;m
2663; Alfred u. Günter;m
2664; Peter;m
2665; Hans;m
2666; Heinz;m
2667; Artur;m
2668; Bruno;m
2669; Willi;m
2670; Alfred M.;m
2671; Anton;m
2672; Hanna;w
2673; Hedwig;w
2674; Heinz;m
2675; Heinrich;m
2676; Ilse;w
2677; Heinrich;m
2678; Marie;w
2679; Paul;m
2680; Christian;m
2681; Franz;m
2682; Christa;w
2683; A. Viktor;m
2684; Hermann;m
2685; Carl;m
2686; Ernst;m
2687; Felix;m
2688; Eleonore;w
2689; G. Theodor;m
2690; Erhard;m
2691; Anna;w
2692; Ernst;m
2693; Lieselotte;w
2694; Friedl;w
2695; Otto;m
2696; Rudolf;m
2697; Emil;m
2698; Gerda;w
2699; Josef M.;m
2700; Kurt;m
2701; Emma;w
2702; Bernhard F.;m
2703; Friedrich;m
2704; Babette u. Christian;w
2705; Theophil;m
2706; Erhard;m
2707; Herbert;m
2708; Max;m
2709; Minna;w
2710; Hedwig;w
2711; Walter;m
2712; Hilde;w
2713; Gustav;m
2714; Günter;m
2715; Hans-Erich;m
2716; Eberhard;m
2717; Fritz;m
2718; Hans;m
2719; Walter;m
2720; Heinrich;m
2721; Rudolf;m
2722; Kurt;m
2723; Ferdinand;m
2724; Paul;m
2725; Everhard;m
2726; Bruno;m
2727; Carl J. H.;m
2728; Berthold;m
2729; Franz;m
2730; G. Hugo;m
2731; Oskar;m
2732; Annette;w
2733; Erna;w
2734; Kurt;m
2735; Friedrich;m
2736; Kurt;m
2737; Hardo;m
2738; Hans;m
2739; Wilhelm;m
2740; Franz;m
2741; Hans;m
2742; Max;m
2743; Ernst;m
2744; Hans;m
2745; Maria;w
2746; Heinrich;m
2747; Karl;m
2748; Walter;m
2749; Karl;m
2750; Sepp;m
2751; Richard;m
2752; Susanna;w
2753; Georg;m
2754; Gertrud;w
2755; Heinz;m
2756; Heinrich;m
2757; Heinrich;m
2758; Eduard;m
2759; Max;m
2760; Franz;m
2761; Hans;m
2762; Marie;w
2763; Trude;w
2764; Carl;m
2765; Christian;m
2766; Franz;m
2767; Friedrich;m
2768; Kurt;m
2769; Heinrich;m
2770; Erich;m
2771; Hans;m
2772; Hilde;w
2773; Johannes;m
2774; Hubert;m
2775; Wilhelm;m
2776; Andreas;m
2777; Elisabeth;w
2778; Michael;m
2779; Emil;m
2780; Gretel;w
2781; Rolph;m
2782; Wilhelm u. Maria;m
2783; Arthur;m
2784; Johann;m
2785; Anneliese;w
2786; Georg;m
2787; Karl von;m
2788; Joseph Caspar;m
2789; Heinz;m
2790; Marianne;w
2791; Norbert;m
2792; Kurt;m
2793; Siegfried;m
2794; Willy;m
2795; Robert;m
2796; Wilhelm;m
2797; Wilhelm;m
2798; Gertrud;w
2799; Kurt;m
2800; Georg;m
2801; Carl;m
2802; Siegfried;m
2803; Frieder W.;m
2804; Fritz;m
2805; Leonhard;m
2806; Margarete;w
2807; Charlotte;w
2808; Friedrich;m
2809; Käthe;w
2810; Karl;m
2811; Max;m
2812; Wilhelm;m
2813; Karl;m
2814; Bruno;m
2815; Fritz;m
2816; Anton;m
2817; August-Julius;m
2818; Hermann;m
2819; Maria;w
2820; Otto;m
2821; Andreas;m
2822; Fred;m
2823; Martin;m
2824; Caspar;m
2825; Helmut;m
2826; Heinz;m
2827; Armin;m
2828; Mia;w
2829; Helmut;m
2830; Maria u. Gertrud;w
2831; Christian;m
2832; Hein;m
2833; Richard;m
2834; Gertrud;w
2835; Michael;m
2836; Adelheid;w
2837; Minna;w
2838; Hans;m
2839; Frieda;w
2840; Ludwig;m
2841; Oskar;m
2842; Gottlob;m
2843; Karlheinz;m
2844; Eberhard;m
2845; Hulda;w
2846; Rudolf;m
2847; Alfons;m
2848; Egmont;m
2849; Else;w
2850; Karl Willy;m
2851; Carl Albert;m
2852; Erna;w
2853; Toni;
2854; Irmtraut;w
2855; Wilhelm;m
2856; Josef;m
2857; Magnus;m
2858; Eugen;m
2859; Hildegard;w
2860; Lothar;m
2861; Siegfried;m
2862; Egon Maria;m
2863; Johann Josef;m
2864; Johannes;m
2865; Josef;m
2866; Alfred;m
2867; Bernhard;m
2868; Bodo;m
2869; Eugen;m
2870; Franz;m
2871; Inge;w
2872; Herta;w
2873; Karl u. Maria;m
2874; Kurt;m
2875; Paul;m
2876; Rudolf;m
2877; Erich;m
2878; Oskar;m
2879; Paul von;m
2880; Gerda;w
2881; Hugo;m
2882; Anton;m
2883; Walter;m
2884; Friedrich;m
